{
    "total_runtime": 260.2595245838165,
    "num_documents": 1,
    "input_load_time": 0,
    "workflows": {
        "create_base_text_units": {
            "overall": 0.37477874755859375,
            "0_orderby": 0.0037331581115722656,
            "1_zip": 0.004366159439086914,
            "2_aggregate_override": 0.007245779037475586,
            "3_chunk": 0.2959706783294678,
            "4_select": 0.005578279495239258,
            "5_unroll": 0.007370710372924805,
            "6_rename": 0.005797386169433594,
            "7_genid": 0.007683992385864258,
            "8_unzip": 0.0071451663970947266,
            "9_copy": 0.006528615951538086,
            "10_filter": 0.020040035247802734
        },
        "create_base_extracted_entities": {
            "overall": 118.91420674324036,
            "0_entity_extract": 118.83492493629456,
            "1_merge_graphs": 0.07103443145751953
        },
        "create_summarized_entities": {
            "overall": 16.70216679573059,
            "0_summarize_descriptions": 16.69399881362915
        },
        "create_base_entity_graph": {
            "overall": 0.304060697555542,
            "0_cluster_graph": 0.2839679718017578,
            "1_select": 0.010733604431152344
        },
        "create_final_entities": {
            "overall": 2.264155864715576,
            "0_unpack_graph": 0.09548807144165039,
            "1_rename": 0.01121377944946289,
            "2_select": 0.012064456939697266,
            "3_dedupe": 0.012618541717529297,
            "4_rename": 0.012135744094848633,
            "5_filter": 0.033574581146240234,
            "6_text_split": 0.020673751831054688,
            "7_drop": 0.013562440872192383,
            "8_merge": 0.15681004524230957,
            "9_text_embed": 1.8298656940460205,
            "10_drop": 0.015258073806762695,
            "11_filter": 0.0405728816986084
        },
        "create_final_nodes": {
            "overall": 1.1370880603790283,
            "0_layout_graph": 0.6430313587188721,
            "1_unpack_graph": 0.1310882568359375,
            "2_unpack_graph": 0.12855982780456543,
            "3_filter": 0.060044288635253906,
            "4_drop": 0.01784539222717285,
            "5_select": 0.017781972885131836,
            "6_rename": 0.017560958862304688,
            "7_join": 0.02812790870666504,
            "8_convert": 0.05823469161987305,
            "9_rename": 0.019307613372802734
        },
        "create_final_communities": {
            "overall": 0.9897153377532959,
            "0_unpack_graph": 0.11911916732788086,
            "1_unpack_graph": 0.1579604148864746,
            "2_aggregate_override": 0.02716374397277832,
            "3_join": 0.038997650146484375,
            "4_join": 0.03639698028564453,
            "5_concat": 0.02290511131286621,
            "6_filter": 0.299579381942749,
            "7_aggregate_override": 0.04976153373718262,
            "8_join": 0.03216886520385742,
            "9_filter": 0.056034088134765625,
            "10_fill": 0.027360916137695312,
            "11_merge": 0.05408191680908203,
            "12_copy": 0.02426600456237793,
            "13_select": 0.024476289749145508
        },
        "join_text_units_to_entity_ids": {
            "overall": 0.12249350547790527,
            "0_select": 0.026967763900756836,
            "1_unroll": 0.030452251434326172,
            "2_aggregate_override": 0.03742623329162598
        },
        "create_final_relationships": {
            "overall": 0.5433576107025146,
            "0_unpack_graph": 0.1447768211364746,
            "1_filter": 0.08165502548217773,
            "2_rename": 0.030353069305419922,
            "3_filter": 0.08484506607055664,
            "4_drop": 0.029743432998657227,
            "5_compute_edge_combined_degree": 0.03898954391479492,
            "6_convert": 0.06613755226135254,
            "7_convert": 0.035531044006347656
        },
        "join_text_units_to_relationship_ids": {
            "overall": 0.16344475746154785,
            "0_select": 0.031077861785888672,
            "1_unroll": 0.03377795219421387,
            "2_aggregate_override": 0.03606986999511719,
            "3_select": 0.03233838081359863
        },
        "create_final_community_reports": {
            "overall": 113.61119627952576,
            "0_prepare_community_reports_nodes": 0.0529026985168457,
            "1_prepare_community_reports_edges": 0.046428680419921875,
            "2_restore_community_hierarchy": 0.04542422294616699,
            "3_prepare_community_reports": 0.5750019550323486,
            "4_create_community_reports": 112.82134985923767,
            "5_window": 0.035711050033569336
        },
        "create_final_text_units": {
            "overall": 0.2839014530181885,
            "0_select": 0.03636050224304199,
            "1_rename": 0.036164045333862305,
            "2_join": 0.04569506645202637,
            "3_join": 0.04467058181762695,
            "4_aggregate_override": 0.04561781883239746,
            "5_select": 0.03814244270324707
        },
        "create_base_documents": {
            "overall": 0.39713168144226074,
            "0_unroll": 0.03905296325683594,
            "1_select": 0.03761434555053711,
            "2_rename": 0.03773045539855957,
            "3_join": 0.0442657470703125,
            "4_aggregate_override": 0.04015707969665527,
            "5_join": 0.04496312141418457,
            "6_rename": 0.03825831413269043,
            "7_convert": 0.07855677604675293
        },
        "create_final_documents": {
            "overall": 0.08267617225646973,
            "0_rename": 0.040532588958740234
        }
    }
}