{
    "total_runtime": 315.4510838985443,
    "num_documents": 1,
    "input_load_time": 0,
    "workflows": {
        "create_base_text_units": {
            "overall": 0.3748939037322998,
            "0_orderby": 0.003687620162963867,
            "1_zip": 0.004378080368041992,
            "2_aggregate_override": 0.007248640060424805,
            "3_chunk": 0.29674792289733887,
            "4_select": 0.005537271499633789,
            "5_unroll": 0.0071332454681396484,
            "6_rename": 0.0058329105377197266,
            "7_genid": 0.007540225982666016,
            "8_unzip": 0.007186174392700195,
            "9_copy": 0.00656437873840332,
            "10_filter": 0.019695758819580078
        },
        "create_base_extracted_entities": {
            "overall": 235.79465651512146,
            "0_entity_extract": 235.71688437461853,
            "1_merge_graphs": 0.06987619400024414
        },
        "create_summarized_entities": {
            "overall": 12.968961477279663,
            "0_summarize_descriptions": 12.960337400436401
        },
        "create_base_entity_graph": {
            "overall": 0.23043155670166016,
            "0_cluster_graph": 0.21030879020690918,
            "1_select": 0.010402679443359375
        },
        "create_final_entities": {
            "overall": 2.3022732734680176,
            "0_unpack_graph": 0.06305670738220215,
            "1_rename": 0.011751651763916016,
            "2_select": 0.012123823165893555,
            "3_dedupe": 0.012550592422485352,
            "4_rename": 0.018074512481689453,
            "5_filter": 0.04260706901550293,
            "6_text_split": 0.02237415313720703,
            "7_drop": 0.014226675033569336,
            "8_merge": 0.15168213844299316,
            "9_text_embed": 1.871196985244751,
            "10_drop": 0.0163419246673584,
            "11_filter": 0.05545496940612793
        },
        "create_final_nodes": {
            "overall": 0.9296388626098633,
            "0_layout_graph": 0.25482654571533203,
            "1_unpack_graph": 0.0747988224029541,
            "2_unpack_graph": 0.33797526359558105,
            "3_filter": 0.07113432884216309,
            "4_drop": 0.0206301212310791,
            "5_select": 0.02211761474609375,
            "6_rename": 0.01848149299621582,
            "7_convert": 0.06272315979003906,
            "8_join": 0.028859853744506836,
            "9_rename": 0.02008223533630371
        },
        "create_final_communities": {
            "overall": 0.7502155303955078,
            "0_unpack_graph": 0.09468364715576172,
            "1_unpack_graph": 0.0706486701965332,
            "2_aggregate_override": 0.024374961853027344,
            "3_join": 0.03228878974914551,
            "4_join": 0.03372669219970703,
            "5_concat": 0.026372432708740234,
            "6_filter": 0.17906665802001953,
            "7_aggregate_override": 0.039632558822631836,
            "8_join": 0.04894304275512695,
            "9_filter": 0.05942559242248535,
            "10_fill": 0.02461862564086914,
            "11_merge": 0.044029951095581055,
            "12_copy": 0.025330781936645508,
            "13_select": 0.027058124542236328
        },
        "join_text_units_to_entity_ids": {
            "overall": 0.11437368392944336,
            "0_select": 0.02710890769958496,
            "1_unroll": 0.028866291046142578,
            "2_aggregate_override": 0.030627965927124023
        },
        "create_final_relationships": {
            "overall": 0.4959268569946289,
            "0_unpack_graph": 0.09596967697143555,
            "1_filter": 0.08069300651550293,
            "2_rename": 0.03822517395019531,
            "3_filter": 0.07892274856567383,
            "4_drop": 0.03784751892089844,
            "5_compute_edge_combined_degree": 0.03929615020751953,
            "6_convert": 0.06109452247619629,
            "7_convert": 0.030483722686767578
        },
        "join_text_units_to_relationship_ids": {
            "overall": 0.169996976852417,
            "0_select": 0.035938262939453125,
            "1_unroll": 0.03436422348022461,
            "2_aggregate_override": 0.03518533706665039,
            "3_select": 0.03417611122131348
        },
        "create_final_community_reports": {
            "overall": 55.965866565704346,
            "0_prepare_community_reports_nodes": 0.055414438247680664,
            "1_prepare_community_reports_edges": 0.06054949760437012,
            "2_restore_community_hierarchy": 0.0475161075592041,
            "3_prepare_community_reports": 0.44205760955810547,
            "4_create_community_reports": 55.253273010253906,
            "5_window": 0.07240462303161621
        },
        "create_final_text_units": {
            "overall": 0.28654956817626953,
            "0_select": 0.03874611854553223,
            "1_rename": 0.035959482192993164,
            "2_join": 0.04541945457458496,
            "3_join": 0.04916644096374512,
            "4_aggregate_override": 0.040805816650390625,
            "5_select": 0.038086652755737305
        },
        "create_base_documents": {
            "overall": 0.4370853900909424,
            "0_unroll": 0.041045188903808594,
            "1_select": 0.04252910614013672,
            "2_rename": 0.04755568504333496,
            "3_join": 0.0517115592956543,
            "4_aggregate_override": 0.04198789596557617,
            "5_join": 0.04799079895019531,
            "6_rename": 0.03994131088256836,
            "7_convert": 0.08570098876953125
        },
        "create_final_documents": {
            "overall": 0.08893203735351562,
            "0_rename": 0.045375823974609375
        }
    }
}